Speed,Torque,BMEP,Fuel Meter Flow,Injector Fuel Flow
910.8888888888889,-3.088888888888889,-0.19427488770947893,0.14777777777777776,0.1870390680334848
1021.695652173913,-8.81304347826087,-0.5542941470885242,0.16239130434782606,0.18002487369711684
1102.2666666666667,-9.222222222222225,-0.5800293410031206,0.16579999999999998,0.19078267574637414
1200.9183673469388,-9.179591836734692,-0.5773481136584293,0.17142857142857143,0.20349568608861407
1298,-14.16,-0.890589629125755,0.157,0.059576775986720655
1408.1020408163265,-20.26122448979591,-1.2743246048023311,0.12881632653061229,0.023506011147349896
1500.327868852459,-20.721311475409845,-1.3032616597376063,0.09509836065573773,0.025045573820403143
1599.1791044776119,-20.94925373134328,-1.317598030441974,0.06662686567164178,0.026695737075039916
1700.0714285714287,-20.97714285714287,-1.3193521099760488,0.052199999999999996,0.02837997303670105
1800.0675675675675,-21.114864864864867,-1.328014100920935,0.03968918918918918,0.030049248621709466
1900.2151898734178,-21.640506329113926,-1.361074188258413,0.02797468354430378,0.031721052978258175
2000.6707317073171,-22.154878048780485,-1.3934254678523832,0.03475609756097559,0.03339799755877439
2099.9767441860463,-22.362790697674424,-1.4065020814730755,0.02698837209302325,0.03505575258551278
2200.8571428571427,-22.606593406593404,-1.421835991368274,0.020043956043956028,0.036739789471317716
2300.2291666666665,-22.825000000000006,-1.4355726189827236,0.013281250000000001,0.03839864645163088
2400.265306122449,-23.033673469387754,-1.4486970842165103,0.013295918367346934,0.04006858978032762
2499.8137254901962,-23.20294117647058,-1.4593431339674892,0.0027549019607843147,0.04173039140231999
2600.841121495327,-23.344859813084092,-1.4682690708281996,0.008130841121495333,0.043416882173477174
2700.5225225225226,-23.540540540540547,-1.4805763608347324,0.003648648648648651,0.04508090371155425
2800.0086206896553,-23.894827586206905,-1.5028591552276744,0.004025862068965521,0.046741664980792436
2901.5409836065573,-24.455737704918043,-1.538137455693482,0.00573770491803279,0.04843658536678802
3002.9253731343283,-25.48358208955224,-1.6027834690628575,0.07907462686567164,0.050129035573752666
3101.359375,-25.796093750000008,-1.6224388111374093,0.024124999999999962,0.05177223377818913
3201.030303030303,-26.571969696969695,-1.6712373331613732,-0.0012575757575757583,0.05343608048633601
3299.4296296296297,-27.29629629629628,-1.7167936719650583,-0.004074074074074077,0.05507869984266798
3400.6338028169016,-27.814084507042246,-1.7493598309038958,-0.004352112676056341,0.05676814162610514
3500.0689655172414,-28.075172413793112,-1.7657808889577429,-0.005000000000000004,0.058428052609202454
3601.159420289855,-28.21521739130435,-1.7745889825017158,-0.005000000000000004,0.060115596045612965
3699.8947368421054,-28.60657894736842,-1.7992035688766577,-0.004118421052631582,0.06176382421675375
3799.5424836601305,-29.639869281045737,-1.8641921038377391,-0.004045751633986931,0.0634272839516424
3900.65,-30.054999999999996,-1.8903016457185429,-0.004718750000000003,0.06511511220362641
4001.2147239263804,-30.615950920245407,-1.9255825123865593,-0.004024539877300616,0.06679387940452713
4100.853801169591,-32.57426900584796,-2.048750434531124,-0.004432748538011699,0.0684571944147321
4200.215568862275,-32.43173652694613,-2.0397858902144885,-0.005000000000000004,0.07011588018558072
4303.443113772455,-32.92215568862275,-2.070630679714047,-0.0042574850299401225,0.07183909892331217
4400.375690607735,-34.33370165745856,-2.15940950745977,-0.0048121546961326,0.07345723323857095
4500.202643171806,-34.44008810572688,-2.1661006562950305,-0.004889867841409684,0.07512368452672978
