idx,role,speed,map_meas,map_sim,spark,icam,ecam,lambda,torque_meas,torque_sim,fuel_meas,fuel_sim,air_meas,air_sim,bte_meas,bte_sim
0,calibrate,714.7666667,48.96666667,65.34,1.13906250025,-23.63125,0.225,0.9872,29.22666667,32.60,0.254483333,0.2563,3.553,3.665,20.044128733357507,22.21
1,holdout,846.7887324,59.99070423,67.58,10.929482394999999,-18.06338028,0.01584507,1.002507042,49.6056338,38.94,0.352253521,0.3318,4.853802817,4.818,29.11747295098763,24.27
2,holdout,846.8028169,52.29690141,62.03,12.11521479,-18.03169014,0.031690141,1.005774648,39.57887324,30.75,0.310464789,0.2919,4.300985915,4.253,26.359448409347273,21.79
3,calibrate,847.028169,44.78873239,57.19,15.8301478875,-18.04753521,0.01584507,1.008408451,29.74647887,22.67,0.259042254,0.2582,3.394507042,3.771,23.750117275184945,18.16
4,holdout,847.4166667,37.56930556,57.19,22.09920486,-18.02604167,0,0.994541667,19.81805556,19.28,0.208777778,0.2617,2.502777778,3.770,19.641593646133888,15.24
5,holdout,847.4794521,29.91438356,56.03,29.472582189999997,-21.29794521,0,1.011342466,9.953424658,13.17,0.153342466,0.2578,1.997260274,3.777,13.432047456920102,10.56
6,calibrate,922.4,38.9895,54.00,26.719009375,-14.2546875,0,1.0104375,19.92625,13.46,0.22405,0.2585,2.812375,3.783,20.03101106937263,11.73
7,holdout,922.4102564,30.33512821,52.44,32.615608975,-19,0,1.010538462,9.919230769,8.76,0.172076923,0.2585,1.90974359,3.784,12.983220589501386,7.62
8,holdout,923.2467532,70.01142857,84.18,17.085853897499998,-14.30844156,13.02272727,1.00312987,60.22857143,46.65,0.429714286,0.4090,5.917012987,5.943,31.596829680798383,25.71
9,calibrate,923.6753247,54.87857143,68.40,19.9957889625,-14.27922078,12.42857143,1.006636364,40.2,24.32,0.324467532,0.2935,4.315714286,4.280,27.94326180242483,18.69
10,holdout,997.9176471,40.83917647,52.39,34.6563323525,-10.53529412,0.017647059,1.009670588,19.91058824,6.11,0.241117647,0.2587,3.052705882,3.784,20.121147609006943,5.76
11,holdout,998.2168675,91.23891566,97.09,0.17099096375,-43.98343373,0.121987952,1.007759036,120.0289157,118.40,0.886927711,0.8621,12.63204819,12.584,32.98568543025993,33.47
12,calibrate,998.25,82.08916667,90.81,21.5778214275,-10.5,12.83035714,1.002761905,70.0547619,54.67,0.511654762,0.5042,7.325238095,7.324,33.37358873847875,26.42
13,holdout,998.2738095,50.05880952,61.64,31.72235119,-10.5,11.875,1.008690476,30.05238095,9.86,0.29497619,0.2673,3.93547619,3.905,24.83387843639679,8.98
14,holdout,998.373494,67.05144578,83.02,26.3027710825,-10.5,20.51656627,1.003963855,49.97349398,31.22,0.395927711,0.3801,5.548313253,5.528,30.769455307279806,20.01
15,calibrate,998.4819277,75.2073494,88.11,24.502331322499998,-10.5,19.3689759,1.003277108,59.99036145,41.53,0.449915663,0.4363,6.32373494,6.341,32.508245045989874,23.19
16,holdout,998.5180723,89.07096386,92.97,14.625168675000001,-16.34186747,0.036144578,1.00539759,90.19638554,79.63,0.640192771,0.6284,9.165301205,9.152,34.35083103613727,30.91
17,holdout,998.6506024,58.55686747,74.31,28.639740965,-10.5,17.63403614,1.006566265,40.02650602,20.32,0.339590361,0.3227,4.681445783,4.705,28.741461306863695,15.36
18,calibrate,998.8870968,89.07741935,94.20,8.6418830645,-24.375,0,1.003887097,100.1548387,94.81,0.708580645,0.7060,10.25048387,10.266,34.474819719351274,32.76
19,holdout,998.9761905,85.84202381,91.16,18.7686696425,-13.05357143,5.254464286,1.003964286,80.29642857,66.49,0.568142857,0.5650,8.225,8.216,34.474403925239976,28.71
20,holdout,999.8390805,87.7916092,94.15,3.2734540232500002,-34.64655172,0.017241379,1.006275862,110.354023,105.73,0.788172414,0.7767,11.32390805,11.321,34.18219896114538,33.24
21,calibrate,1245.721154,92.71557692,98.45,1.2330408655,-57.890625,7.377403846,1.004586538,129.9413462,132.94,1.159778846,1.1785,17.07442308,17.149,34.079716098131826,34.32
22,holdout,1245.788462,95.83980769,99.12,0.9399951925000001,-58.12860577,7.413461538,1.006336538,135.0134615,138.00,1.210490385,1.2182,17.76048077,17.757,33.928368951626986,34.46
23,holdout,1246.019048,88.91742857,95.81,3.7457952380000004,-41.84285714,9.842857143,1.003742857,119.8695238,118.65,1.060466667,1.0507,15.29047619,15.276,34.390571223908445,34.36
24,calibrate,1246.238095,88.86657143,100.50,24.137802382500002,-16.48571429,31.89285714,1.005447619,89.87238095,73.31,0.757257143,0.7556,10.90295238,11.004,36.11493533417918,29.52
25,holdout,1246.269231,89.39259615,98.23,15.7038509625,-20.68990385,16.04206731,1.002471154,99.80288462,92.59,0.860423077,0.8517,12.37,12.367,35.297656066263876,33.08
26,holdout,1246.355769,59.17067308,81.55,35.12404327,-9.973557692,31.72716346,1.003509615,39.89423077,17.92,0.431192308,0.3913,5.718173077,5.688,28.15685011485662,13.93
27,calibrate,1246.442308,88.30855769,101.34,32.3214951925,-8.25,43.17908654,1.002557692,69.89519231,41.77,0.605403846,0.5745,8.717692308,8.343,35.13801796129179,22.12
28,holdout,1246.615385,80.07951923,99.59,34.386612979999995,-7.125,41.83052885,1.000961538,59.74807692,34.33,0.540019231,0.5308,7.698076923,7.696,33.67829819017375,19.69
29,holdout,1246.644231,89.10298077000002,97.19,9.95355288475,-28.48557692,14.07692308,1.00375,109.8471154,107.26,0.947288462,0.9489,13.79701923,13.796,35.298145658377386,34.42
30,calibrate,1246.718447,36.98747573,43.93,38.552866505,-15.08009709,6.185679612,1.004728155,19.83300971,0.62,0.298339806,0.2723,3.943883495,3.963,20.237122341720525,0.69
31,holdout,1246.866667,93.08752381,101.34,30.098042857499998,-9.792857143,43.18928571,1.004390476,79.79904762,46.61,0.684371429,0.5955,9.875238095,8.664,35.50003676525614,23.83
32,holdout,1247.028846,45.92,60.73,35.305701922500006,-13.62620192,18.12620192,1.004346154,29.93076923,9.55,0.356173077,0.3302,4.882115385,4.804,25.587993988239297,8.81
33,calibrate,1247.067308,71.31,93.25,35.168620195,-6.959134615,37.02043269,1.000769231,49.94519231,25.92,0.478009615,0.4615,6.675384615,6.690,31.816316754924006,17.10
34,holdout,1247.257143,28.17342857,38.30,39.228433335,-21.22857143,0.096428571,1.005761905,9.837142857,-1.49,0.232419048,0.2597,3.042190476,3.783,12.89009773657397,-1.74
35,holdout,1341.053571,70.84803571,93.67,37.8957232125,-8.233258929,38.94642857,1.000267857,49.93035714,25.09,0.510928571,0.5035,7.293214286,7.295,32.000263948090364,16.32
36,calibrate,1496.256,89.982,98.39,2.6721839999999997,-66.768,15.054,0.998632,128.9736,135.04,1.425808,1.4295,20.6856,20.678,33.04826240097754,34.51
37,holdout,1496.872,89.44712,98.95,14.219116,-28.083,27.363,0.99892,110.1456,106.78,1.11132,1.1286,16.32304,16.330,36.22560418855593,34.59
38,holdout,1497.104,88.5268,101.34,33.008864,-9.936,44.019,1.003024,80.2008,52.23,0.825216,0.7696,12.07672,11.181,35.52760906621261,24.81
39,calibrate,1497.145161,96.01137097,100.78,2.4120483869999996,-66.94657258,15.00302419,0.99816129,151.3290323,155.29,1.601532258,1.6176,23.47548387,23.388,34.54247288430143,35.09
40,holdout,1497.150794,33.0918254,44.14,42.679573412500005,-20.12202381,12.36904762,1.00068254,19.90793651,0.19,0.351674603,0.3353,4.781984127,4.860,20.694442742255475,0.20
41,holdout,1497.150794,79.52539683,99.78,39.409095237500004,-5.672619048,43.11309524,1.000801587,59.55793651,34.22,0.663690476,0.6646,9.634761905,9.634,32.80518958943936,18.82
42,calibrate,1497.152,43.41584,65.90,44.762874,-17.916,28.629,0.99988,29.6968,5.88,0.42304,0.4078,5.9632,5.906,25.662387918414645,5.27
43,holdout,1497.15873,25.41611111,33.69,40.81499008,-26.60714286,3.663690476,1.000142857,9.767460317,-5.14,0.281039683,0.2612,3.654285714,3.784,12.70529653478159,-7.20
44,holdout,1497.185484,66.84362903,92.83,42.174911287499995,-9.689516129,42.88608871,1.000508065,49.54274194,22.79,0.575685484,0.5706,8.265080645,8.269,31.46105761104401,14.60
45,calibrate,1497.269841,54.10912698,82.12,41.86706151,-14.30357143,37.23511905,0.999944444,40.34285714,16.75,0.503642857,0.4976,7.20952381,7.207,29.28511949133675,12.31
46,holdout,1497.357143,86.48984127,101.34,36.762531745,-5.93452381,42.91071429,1.002071429,69.56190476,42.74,0.735404762,0.7194,10.82968254,10.442,34.583852997638196,21.72
47,holdout,1509.133858,42.56937008,66.11,44.1059468525,-17.99704724,28.48523622,0.999433071,29.87952756,7.12,0.441874016,0.4195,6.040629921,6.073,24.917586538379616,6.25
48,calibrate,1628.742647,85.34477941,101.34,38.264713235,-5.994485294,43.20496324,1.003367647,69.97279412,41.64,0.805808824,0.7797,11.85382353,11.332,34.53445571955213,21.24
49,holdout,1652.862319,88.98326087,96.73,14.96320471,-30.71195652,25.50815217,1.00015942,119.9210145,117.20,1.325442029,1.3425,19.52471014,19.449,36.51524217350529,35.24
50,holdout,1746.671233,94.62157534,97.87,5.250994863,-67.11729452,29.66866438,1.001424658,139.8972603,145.94,1.717541096,1.7688,25.61958904,25.658,34.7389101956609,35.20
51,calibrate,1746.678082,78.43719178,97.53,42.6928236325,-6.952910959,43.42037671,1.003219178,59.97945205,32.05,0.768294521,0.7707,11.20136986,11.200,33.295886199546786,17.74
52,holdout,1746.746575,67.43342466,89.64,44.4377671225,-9.981164384,42.77825342,1.001958904,49.96506849,22.39,0.678363014,0.6722,9.758630137,9.756,31.41500813011531,14.20
53,holdout,1746.763889,33.68361111,45.34,44.4462204875,-19.875,12.84635417,1.002215278,19.95902778,1.03,0.419694444,0.4090,5.888333333,5.937,20.28351968724356,1.07
54,calibrate,1746.767123,95.59273973,98.53,5.3703972605,-67.10958904,29.63013699,1.001623288,150.0267123,153.35,1.814363014,1.8496,26.83150685,26.835,35.26812467329604,35.37
55,holdout,1746.810458,26.95679739,31.55,42.1038758175,-23.32107843,4.68872549,0.999869281,9.964705882,-4.93,0.335954248,0.3108,4.527320261,4.501,12.651239608124937,-6.77
56,holdout,1746.857143,88.8829932,98.14,17.760794214999997,-30.59438776,25.39795918,1.001401361,119.9843537,118.39,1.377707483,1.4337,20.73401361,20.796,37.14735870053337,35.23
57,calibrate,1746.862069,91.88627586,96.53,8.01361724125,-66.85862069,29.80086207,1.006027586,129.8151724,132.26,1.567917241,1.6037,23.38537931,23.370,35.31537999349139,35.18
58,holdout,1746.863014,92.11849315,101.31,35.26117465750001,-7.892979452,43.29452055,1.004157534,80.04178082,52.84,0.961534247,0.9042,14.20479452,13.152,35.506984062481145,24.93
59,holdout,1746.917808,88.99376712,101.33,40.0215308225,-5.080479452,43.33561644,1.003383562,69.97123288,41.46,0.872082192,0.8393,12.75671233,12.198,34.22453294103881,21.07
60,calibrate,1746.937931,55.06124138,77.37,44.351018964999994,-14.75689655,37.50258621,1.002006897,39.98344828,15.38,0.582593103,0.5798,8.424344828,8.415,29.27489405143483,11.32
61,holdout,1746.958904,98.27534247,99.51,5.6461797945,-67.00941781,29.65582192,0.84540411,172.5205479,157.24,2.332034247,2.3004,28.11616438,28.170,31.556697267030096,29.16
62,holdout,1746.965517,92.89572414,101.28,27.3397,-15.98534483,37.92931034,0.999137931,99.9737931,82.57,1.164234483,1.1352,17.10662069,16.429,36.62966901168051,31.03
63,calibrate,1746.97931,92.59689655,101.30,29.790356895,-11.89913793,40.68103448,1.000537931,89.94,69.60,1.065310345,1.0210,15.75868966,14.797,36.013675786045965,29.08
64,holdout,1747,88.91809524,97.98,22.068811224999997,-24.7755102,31.29846939,0.99944898,110.0380952,103.37,1.261081633,1.3038,18.86959184,18.875,37.2216583605816,33.82
65,holdout,1747.013605,43.6670068,61.69,45.36537075,-18.00765306,27.5,1.001360544,29.94965986,7.26,0.506707483,0.4884,7.023877551,7.084,25.213539331481808,6.34
66,calibrate,1869.120253,93.74797468,101.28,28.663022152499998,-12.04984177,41.03639241,1.000772152,89.9835443,72.81,1.154810127,1.1098,17.10518987,16.088,35.562534497704874,29.94
67,holdout,1996.244048,43.40291667,61.33,46.22681101,-18.046875,33.23883929,0.99939881,30.0047619,8.43,0.578684524,0.5753,8.291666667,8.328,25.273471592098307,7.14
68,holdout,1996.246988,65.09512048,87.42,43.7293207825,-6.198795181,43.11370482,1.002162651,44.9873494,21.86,0.725524096,0.7239,10.50987952,10.508,30.224267830586488,14.72
69,calibrate,1996.299401,89.24706587,98.00,21.653390717500002,-30.61751497,26.40269461,1.003664671,119.9419162,113.23,1.543197605,1.5925,23.19580838,23.152,37.88594014769084,34.65
70,holdout,1996.347305,33.84215569,40.17,45.1375299425,-19.91766467,14.26571856,1.000167665,19.95748503,1.04,0.48845509,0.4717,6.818023952,6.834,19.916830187956343,1.07
71,holdout,1996.375,56.97869048,80.20,43.893706845000004,-11.25892857,42.72544643,0.999678571,40.00892857,17.72,0.670767857,0.6692,9.701845238,9.690,29.075671323492802,12.90
72,calibrate,1996.380952,78.59321429,98.42,42.2739851225,-3.629464286,43.21651786,1.002982143,59.94404762,34.26,0.855345238,0.8814,12.79279762,12.805,34.162605852247445,18.95
73,holdout,1996.389222,97.82754491,101.14,5.41778293425,-63.70733533,20.09505988,1.010071856,169.9461078,161.60,2.306497006,2.2154,34.96850299,32.413,35.91753255388775,35.55
74,holdout,1996.413174,98.16952096,101.14,5.5653547905,-63.86002994,20.11077844,0.848898204,185.3449102,158.10,2.898664671,2.6269,35.71233533,32.301,31.169947018028857,29.33
75,calibrate,1996.518072,92.28289157,101.28,34.52621988,-5.216114458,43.24021084,0.99903012,79.99216867,52.03,1.108126506,1.0007,16.12614458,14.481,35.19122005190656,25.35
76,holdout,1996.54491,88.3060479,96.66,17.44729042,-37.54266467,22.0261976,1.00442515,129.9131737,126.09,1.685562874,1.7255,25.1145509,25.104,37.57424554993699,35.63
77,holdout,1996.550898,74.13179641,96.50,43.811525450000005,-0.961077844,43.21706587,1.005664671,49.89161677,25.31,0.770449102,0.7760,11.30215569,11.304,31.56944600053445,15.90
78,calibrate,1996.556886,88.8557485,101.28,25.435112275,-18.24026946,34.85254491,1.001173653,100.0526946,89.63,1.343874251,1.3443,19.94898204,19.495,36.29566814009803,32.51
79,holdout,1996.572289,24.45409639,29.14,42.70864759,-33.39307229,5.076054217,0.999481928,10.03493976,-5.36,0.378843373,0.3605,5.231927711,5.219,12.913473163483062,-7.25
80,holdout,1996.722892,89.46156627,95.08,12.998733435000002,-51.49924699,20.29743976,1.007246988,139.25,136.06,1.818156627,1.8506,27.00939759,27.000,37.340889386423164,35.85
81,calibrate,1996.837349,91.68259036,98.34,8.698108434,-64.08207831,20.14156627,1.005837349,150.1343373,150.18,2.007891566,2.0442,29.69807229,29.783,36.457376818828976,35.82
82,holdout,2060.436047,88.70517442,101.27,24.7893154075,-17.80813953,34.78997093,1.003784884,99.99186047,89.28,1.384290698,1.3780,20.72168605,20.036,36.341214558703314,32.59
83,holdout,2495.12381,76.63414286,94.40,29.4377666675,-9.4125,43.52321429,1.00272381,79.80190476,69.12,1.392109524,1.4253,20.71385714,20.702,34.9248784624486,29.55
84,calibrate,2495.293269,84.18649038,96.30,24.6308257225,-15.04326923,39.40204327,1.004634615,99.82211538,93.07,1.690519231,1.7216,25.04451923,25.053,35.977517957218545,32.94
85,holdout,2495.521531,68.10842105,91.53,36.5591124425,-3.387559809,43.5,0.999138756,59.88229665,43.36,1.117110048,1.1373,16.42971292,16.460,32.66380404998084,23.24
86,holdout,2495.591346,36.30365385,48.59,47.4882319725,-6.113581731,25.83173077,1.002394231,19.95336538,1.79,0.596201923,0.5943,8.539711538,8.629,20.393849211855297,1.83
87,calibrate,2495.684466,55.02737864,79.95,44.29552427,-3.375,44.05703883,1.001873786,39.90582524,17.76,0.842252427,0.8354,12.1607767,12.123,28.87265032427431,12.96
88,holdout,2495.754808,36.13855769,48.61,47.73002043,-5.904447115,25.64783654,1.002682692,19.85,1.60,0.598009615,0.5941,8.540240385,8.629,20.228198693657653,1.64
89,holdout,2496.028571,87.39209524,92.77,21.72603214,-22.45714286,25.05357143,1.004661905,119.952381,116.11,1.99332381,2.0301,29.55719048,29.543,36.67613147530557,34.86
90,calibrate,2496.133333,97.49271429,101.06,6.9479964285,-64.25535714,10.875,1.008309524,167.9185714,160.65,2.931342857,2.7959,43.611,40.835,34.9142601159828,35.02
91,holdout,2496.408654,88.39346154,92.12,17.33373077,-38.37800481,15.78966346,1.001673077,140.0086538,138.00,2.283817308,2.3405,33.95783654,33.959,37.36905792672879,35.94
92,holdout,2496.495192,98.04875,101.06,7.31973798075,-63.80048077,10.19350962,0.847504808,181.175,155.46,3.501038462,3.2902,43.761875,40.391,31.5453297978904,28.80
93,calibrate,2995.144578,88.6911245,94.66,18.128631527499998,-39.72289157,15.67168675,1.001871486,140.1088353,136.66,2.743582329,2.8205,40.89803213,40.931,37.34807884729788,35.43
94,holdout,2995.252,94.27868,99.03,10.671842,-62.3805,23.79,0.987888,169.9324,168.35,3.515108,3.5737,51.13596,51.138,35.35687189629253,34.45
95,holdout,2995.453815,84.20562249,89.31,21.907032127500003,-30.89156627,17.05572289,1.004040161,119.3076305,116.11,2.375935743,2.4629,35.82024096,35.819,36.728154571415104,34.48
96,calibrate,2995.568,97.07448,99.97,10.216151,-74.565,24.834,0.84472,196.0692,179.23,4.491044,4.5822,56.0714,56.067,31.933329305710227,28.61
97,holdout,2995.7,82.63704,86.80,25.483371,-22.041,25.5555,1.005704,99.9468,94.47,2.02586,2.1062,30.69816,30.682,36.08782714453794,32.81
98,holdout,2995.710317,69.87452381,81.09,36.9794285725,-10.47916667,43.29761905,1.000674603,60.08333333,45.48,1.37472619,1.3824,20.06142857,20.038,31.969848435519665,24.07
99,calibrate,2996.068273,55.31493976,66.28,42.8857751025,-9.375,39.72740964,0.999365462,40.10080321,21.56,1.034831325,1.0387,15.10586345,15.036,28.34902720357877,15.19
100,holdout,3494.695205,76.80294521,88.42,22.171584760000002,-31.73630137,11.00342466,1.005116438,119.9585616,116.97,2.86639726,2.9324,42.71150685,42.693,35.71142035472002,34.04
101,holdout,3494.726644,56.83193772,73.68,31.148602074999996,-15.05579585,23.2383218,1.005307958,59.92145329,51.13,1.641591696,1.6713,24.3799654,24.337,31.148228539417115,26.11
102,calibrate,3494.772109,33.76292517,41.69,42.2802176875,-14.59311224,20.63903061,0.998319728,19.92482993,5.48,0.886129252,0.8944,12.86142857,12.934,19.187542775619594,5.23
103,holdout,3494.793814,95.02109966,96.81,14.8120996575,-43.33762887,11.36726804,0.979745704,169.7178694,166.12,4.001295533,4.0978,58.11659794,58.154,36.19523913430266,34.60
104,holdout,3494.860544,65.86034014,83.28,28.93382313,-19.31377551,22.45280612,1.00770068,79.92959184,73.39,2.040329932,2.0901,30.5235034,30.508,33.43027855183896,29.97
105,calibrate,3494.907216,72.8733677,86.61,25.233959622500002,-24.09793814,15.93685567,1.004762887,99.99243986,94.98,2.440838488,2.4964,36.3290378,36.333,34.95962160226615,32.47
106,holdout,3495,97.29835052,93.70,11.3740412375,-67.01030928,15.37628866,0.845017182,192.6371134,172.06,5.177065292,5.1497,63.06347079,63.033,31.754585622239926,28.51
107,holdout,3495.041237,47.97542955,60.87,36.12959794,-10.94974227,23.19974227,0.999446735,39.90790378,28.13,1.267072165,1.2720,18.40405498,18.415,26.87898224006627,18.87
108,calibrate,3994.336336,64.94147147,69.42,23.363374625000002,-24.4527027,0.328828829,1.001486486,99.86426426,93.49,2.835570571,2.9210,42.36792793,42.374,34.34924752219891,31.21
109,holdout,3994.342342,80.00099099,80.72,19.150879879999998,-33.01576577,0.375,0.998591592,139.9690691,136.32,3.780663664,3.9009,56.42522523,56.425,36.1087342605866,34.08
110,holdout,3994.423423,97.15870871000001,97.14,11.66977102,-67.13400901,10.10810811,0.844588589,199.9831832,189.54,6.161921922,6.3746,77.9751952,77.986,31.654418199821933,29.00
111,calibrate,3994.433735,56.41740964,63.82,25.525664907499998,-21.16829819,0.300451807,1.003957831,80.06656627,72.73,2.396292169,2.4646,35.83099398,35.841,32.588892848109026,28.78
112,holdout,3994.486486,30.22216216,38.03,36.7153325825,-14.37725225,0.021396396,0.995075075,19.91201201,8.13,1.074792793,1.0839,15.66681682,15.623,18.069839964864222,7.31
113,holdout,3994.490964,41.6485241,50.88,30.7598501525,-14.37311747,0.079066265,0.998066265,40.03644578,32.31,1.558996988,1.5890,22.90183735,22.972,25.048091049092598,19.83
114,calibrate,3994.51497,71.75913174,72.59,22.0906541925,-31.29229042,0.295284431,0.997640719,119.9883234,114.36,3.313368263,3.3960,49.09508982,49.075,35.32126752570926,32.85
115,holdout,3994.557522,50.20147493,58.40,28.683906342500002,-17.83075221,0.043141593,1.002247788,59.90294985,53.23,1.993728614,2.0492,29.82315634,29.749,29.305814539549438,25.34
116,holdout,4493.402597,56.73127272999999,57.25,27.304737015,-22.79512987,0.344805195,1.012020779,80.02155844,71.65,2.783561039,2.8369,41.56148052,41.586,31.54165942598507,27.71
117,calibrate,4493.885333,29.63101333,32.81,38.89637467,-16.5,0.071,1.000928,19.92426667,6.97,1.297248,1.3003,18.92848,18.852,16.853273657446344,5.89
118,holdout,4494.037433,64.39382353,63.30,24.744326872499997,-27.17947861,0.336898396,1.012486631,99.96791444,92.10,3.258465241,3.3315,48.90090909,48.859,33.66566324395491,30.33
119,holdout,4494.085561,79.37986631,76.97,19.886423797499997,-34.13302139,0.350935829,1.004903743,139.8796791,134.08,4.302887701,4.4098,64.20171123,64.189,35.67293990077111,33.36
120,calibrate,4494.100529,71.26685185,69.12,22.397207010000002,-32.58035714,0.301587302,1.005335979,119.9756614,113.68,3.780854497,3.8755,56.39804233,56.436,34.82161597438726,32.19
121,holdout,4494.256065,88.65393531,85.48,16.238948115,-42.2425876,5.000336927,0.944566038,169.9239892,163.72,5.40245283,5.5515,75.9506469,75.956,34.51631905900613,32.36
122,holdout,4494.314961,48.87973753,50.86,31.514616797500004,-18.50688976,0.233267717,1.011548556,59.98976378,49.83,2.282343832,2.3387,34.33711286,34.267,28.844468143932556,23.38
123,calibrate,4494.368984,38.8723262,41.66,34.1893977275,-16.5,0.164438503,1.00778877,39.87620321,27.32,1.744066845,1.7828,25.95221925,26.025,25.091252982945758,16.81
