Speed,Torque,BMEP,Cell Temp,Cell Press,BSFC,BTE,Fuel Meter Flow,Injector Fuel Flow,Fuel Rail Press,Spark Timing,Coolant Temp,Oil Sump Temp,Inlet Air Flow,Intake Manifold Press,Intake Manifold Temp,Exhaust Port Temp (Cyl 1),Exhaust Port Temp (Cyl 2),Exhaust Port Temp (Cyl 3),Exhaust Port Temp (Cyl 4),Catalyst Inlet Press,Catalyst Inlet Temp,Exhaust Lambda,Intake Cam Phase,Exhaust Cam Phase,Valve Overlap
714.7666667,29.22666667,1.8382038298176109,26.235,97.587,418.78358424656784,20.044128733357507,0.254483333,0.2612509991864565,4.825818333000001,1.13906250025,88.2305,87.5635,3.553,48.96666667,30.83233333,483.1216667,470.5416667,478.155,485.47,96.1775,436.1883333,0.9872,-23.63125,0.225,0
847.6,2.541428571,0.15984250907461073,26.80271429,97.59814286,2163.125227460376,3.8805668610828663,0.135542857,0.15163185923211092,3.098022857,28.28345357,86.02042857,86.80671429,1.535714286,25.51171429,33.59857143,333.9228571,314.78,322.0728571,333.78,95.91514286,368.4728571,1.005428571,-23.08928571,0,0
767.234375,3.7171875,0.2337915704107269,26.80375,97.59578125,1702.2514983269582,4.931205572328876,0.14121875,0.15522860054609772,3.09908125,13.719269529999998,87.42875,86.4990625,1.6671875,28.4559375,33.861875,394.9484375,371.1,379.521875,394.503125,95.86203125,378.6984375,1.003828125,-23.98828125,0,0
847.4794521,9.953424658,0.6260181338064523,27.23191781,97.56890411,624.9346647245846,13.432047456920102,0.153342466,0.18027060001064943,3.119310959,29.472582189999997,88.34657534,86.95520548,1.997260274,29.91438356,33.49273973,364.3041096,350.6890411,357.5150685,360.1273973,96.01479452,403.6821918,1.011342466,-21.29794521,0,0
847.4166667,19.81805556,1.2464516067213285,26.50777778,97.60055556,427.3661407157418,19.641593646133888,0.208777778,0.22282811323010623,3.127336111,22.09920486,86.7925,88.32791667,2.502777778,37.56930556,31.93861111,410.9583333,394.2347222,398.8319444,404.8986111,96.24180556,377.7555556,0.994541667,-18.02604167,0,0
847.028169,29.74647887,1.8708972870501703,27.22943662,97.59225352,353.43623683179084,23.750117275184945,0.259042254,0.26660333248232426,3.762894366,15.8301478875,89.07549296,87.61507042,3.394507042,44.78873239,32.77408451,480.7394366,473.4338028,476.8394366,487.6859155,96.04887324,417.6253521,1.008408451,-18.04753521,0.01584507,0
846.8028169,39.57887324,2.489303251414327,26.18535211,97.58859155,318.44945856600094,26.359448409347273,0.310464789,0.31249512025213716,4.756902817000001,12.11521479,89.04084507,87.72661972,4.300985915,52.29690141,31.52859155,470.0323944,464.0507042,466.6,472.2943662,96.07521127,404.343662,1.005774648,-18.03169014,0.031690141,0
846.7887324,49.6056338,3.1199338282831937,25.99492958,97.60985915,288.28573441742844,29.11747295098763,0.352253521,0.3610612773522311,5.713825352,10.929482394999999,89.66366197,85.70253521,4.853802817,59.99070423,30.65591549,485.9408451,480.9253521,479.5661972,486.6028169,96.43535211,399.7633803,1.002507042,-18.06338028,0.01584507,0
922.325,1.38875,0.08734508103449098,26.957375,97.57275,3850.0501173501366,2.1802708583524866,0.14345,0.16174694103565757,3.1051975,30.142540625,87.920375,88.133125,1.70925,25.222875,33.723875,351.595,336.865,341.87375,353.22875,95.953,394.26,1.005525,-21.8578125,0,0
922.4102564,9.919230769,0.6238675177808255,27.01205128,97.58807692,646.53850839158,12.983220589501386,0.172076923,0.19496583715887617,3.1034666669999997,32.615608975,86.15769231,88.02794872,1.90974359,30.33512821,33.82564103,354.3064103,341.7,351.0410256,357.3358974,96.15794872000001,364.8679487,1.010538462,-19,0,0
922.4,19.92625,1.253256468740613,27.648625,97.56325,419.05783212759115,20.03101106937263,0.22405,0.23696886463755779,3.13343375,26.719009375,88.884,87.556,2.812375,38.9895,32.832125,428.325,416.0525,418.6625,429.9325,96.28175,464.5625,1.0104375,-14.2546875,0,0
923.6753247,40.2,2.5283688623485423,26.36688312,97.57415584,300.39986503389014,27.94326180242483,0.324467532,0.32990946670671706,4.543464935,19.9957889625,89.78402597,88.87727273,4.315714286,54.87857143,31.12181818,507.8701299,507.8675325,507.1571429,514.9324675,96.21896104,426.1363636,1.006636364,-14.27922078,12.42857143,2.7077922099999974
923.2467532,60.22857143,3.7880608116255474,26.99025974,97.58233766,265.6643770547733,31.596829680798383,0.429714286,0.4304651759139851,6.311188312,17.085853897499998,90.41402597,88.20272727,5.917012987,70.01142857,31.86597403,526.3714286,523.3,524.9688312,529.7103896,96.89311688,444.1324675,1.00312987,-14.30844156,13.02272727,3.3311688299999993
997.195122,2.12804878,0.13384309136594036,26.33109756,97.59097561,2589.414672369091,3.2417179695576337,0.159841463,0.17398981676564168,3.099004878,34.9187164625,86.83036585,88.12292683,1.927682927,24.52109756,31.53012195,395.2280488,377.15,382.3817073,391.45,95.60146341,448.0878049,0.989731707,-20.37804878,0.009146341,0
997.9176471,19.91058824,1.2522714262950014,27.09435294,97.56541176,417.1805821998718,20.121147609006943,0.241117647,0.2553185566661048,3.133645882,34.6563323525,88.68858824,88.52811765,3.052705882,40.83917647,32.476,421.2858824,405.7188235,403.0517647,415.9211765,95.66047059,445.4235294,1.009670588,-10.53529412,0.017647059,0
998.2738095,30.05238095,1.890136921229266,27.17595238,97.5927381,338.01212708493085,24.83387843639679,0.29497619,0.3038824840783187,3.6436880950000003,31.72235119,88.8725,87.79357143,3.93547619,50.05880952,32.91678571,520.8690476,516.1904762,508.0333333,518.8392857,96.38261905,437.972619,1.008690476,-10.5,11.875,0
998.6506024,40.02650602,2.5174570022282206,26.2060241,97.57746988,292.05724734846666,28.741461306863695,0.339590361,0.3514543578370567,4.480720482,28.639740965,89.45349398,87.63783133,4.681445783,58.55686747,30.53144578,514.213253,507.1337349,507.1337349,518.7096386,96.32927711,434.373494,1.006566265,-10.5,17.63403614,4.134036139999999
998.373494,49.97349398,3.143070301537172,25.12349398,97.58445783,272.8079515944205,30.769455307279806,0.395927711,0.400745301219788,5.445357830999999,26.3027710825,88.00445783,88.42096386,5.548313253,67.05144578,28.12975904,521.9204819,516.3795181,515.6096386,520.7506024,96.60385542,437.5963855,1.003963855,-10.5,20.51656627,7.016566269999998
998.4819277,59.99036145,3.7730786550053317,26.92337349,97.56578313,258.21609447633205,32.508245045989874,0.449915663,0.46077822012882574,6.2008927709999995,24.502331322499998,90.7973494,88.94433735,6.32373494,75.2073494,32.21951807,530.4120482,525.8060241,522.2722892,528.513253,96.61891566,444.2289157,1.003277108,-10.5,19.3689759,5.868975899999995
998.25,70.0547619,4.406076583263706,26.54452381,97.57642857,251.52081005831025,33.37358873847875,0.511654762,0.5216192209325112,6.8721369050000005,21.5778214275,89.30678571,88.06809524,7.325238095,82.08916667,30.47059524,534.675,533.622619,528.2333333,537.597619,97.12833333,459.8928571,1.002761905,-10.5,12.83035714,0
998.9761905,80.29642857,5.050223625725917,26.75988095,97.57547619,243.4894042623144,34.474403925239976,0.568142857,0.5751020380943523,7.2523047620000005,18.7686696425,90.33559524,88.15595238,8.225,85.84202381,30.88392857,534.3107143,534.177381,532.2892857,540.052381,97.26928571,474.0321429,1.003964286,-13.05357143,5.254464286,0
998.5180723,90.19638554,5.672878922779111,26.81445783,97.5813253,244.36532744213318,34.35083103613727,0.640192771,0.6333816154775981,7.295272289000001,14.625168675000001,89.79168675,87.50337349,9.165301205,89.07096386,30.38084337,547.1819277,546.3795181,546.6987952,548.5060241,97.58301205,498.1,1.00539759,-16.34186747,0.036144578,0
998.8870968,100.1548387,6.299213322950764,26.28693548,97.60016129,243.48646758385513,34.474819719351274,0.708580645,0.7226687920972562,7.237756452,8.6418830645,93.00322581,88.13564516,10.25048387,89.07741935,29.81177419,560.8693548,556.25,557.8774194,563.5758065,97.54354839,549.866129,1.003887097,-24.375,0,0.375
999.8390805,110.354023,6.940688447465045,27.05942529,97.57022989,245.57086229580017,34.18219896114538,0.788172414,0.8048339467910469,7.272742529,3.2734540232500002,91.78747126,91.31413793,11.32390805,87.7916092,30.59310345,576.8022989,573.9252874,578.7195402,581.291954,98.0683908,565.4896552,1.006275862,-34.64655172,0.017241379,10.663793098999998
998.2168675,120.0289157,7.549188384013385,26.27891566,97.57337349,254.47863109597748,32.98568543025993,0.886927711,0.8781426796396731,7.244107228999999,0.17099096375,90.63144578,89.04518072,12.63204819,91.23891566,29.83855422,571.7542169,563.6698795,568.5638554,575.6819277,97.79144578,492.6180723,1.007759036,-43.98343373,0.121987952,20.105421682
1247.076923,-0.109615385,-0.006894231996725061,26.32192308,97.57307692,,,0.182192308,0.21074965521445274,3.099176923,35.781742789999996,86.54798077,88.41596154,2.292884615,22.39538462,32.03711538,385.9788462,372.4836538,377.5076923,388.3038462,96.16019231,396.55,1.004826923,-25.12860577,0,1.12860577
1247.257143,9.837142857,0.6187046192565466,27.44,97.57180952,651.2093426753285,12.89009773657397,0.232419048,0.26167616275945116,3.11818,39.228433335,87.95228571,87.13066667,3.042190476,28.17342857,32.41142857,412.6380952,400.072381,409.8019048,414.3961905,96.15485714,463.7352381,1.005761905,-21.22857143,0.096428571,0
1246.718447,19.83300971,1.247392144214435,26.70466019,97.60067961,414.7898071827053,20.237122341720525,0.298339806,0.3158286633002535,3.1325631069999997,38.552866505,86.33009709,89.87524272,3.943883495,36.98747573,32.18271845,448.3864078,496.3592233,430.2135922,434.5466019,96.35951456,391.4407767,1.004728155,-15.08009709,6.185679612,0
1247.028846,29.93076923,1.8824881827679563,25.50528846,97.58432692,328.05041606282924,25.587993988239297,0.356173077,0.37306844469940026,3.5951124999999995,35.305701922500006,88.70009615,90.18125,4.882115385,45.92,28.45567308,581.1865385,573.275,573.9980769,577.2211538,96.37423077,472.4586538,1.004346154,-13.62620192,18.12620192,7.7524038399999995
1246.355769,39.89423077,2.509137583736694,27.45115385,97.56182692,298.1211335718977,28.15685011485662,0.431192308,0.42325237648766956,4.293020192,35.12404327,86.58644231,87.30701923,5.718173077,59.17067308,32.57625,546.8951923,546.3278846,552.7144231,548.5596154,96.37028846,459.5663462,1.003509615,-9.973557692,31.72716346,17.700721152
1247.067308,49.94519231,3.1412902751396485,26.35605769,97.59192308,263.8316728713096,31.816316754924006,0.478009615,0.47594202010730335,5.079615385,35.168620195,88.38605769,87.95576923,6.675384615,71.31,30.81923077,569.5567308,564.0403846,567.8240385,567.2759615,96.64317308,478.1942308,1.000769231,-6.959134615,37.02043269,19.979567305
1246.615385,59.74807692,3.757840230590388,25.66,97.58596154,249.24513782303347,33.67829819017375,0.540019231,0.5443690108765481,5.8346442309999995,34.386612979999995,88.80298077,90.84769231,7.698076923,80.07951923,28.90028846,572.2778846,564.7057692,571.0221154,571.65,96.64596154,460.3701923,1.000961538,-7.125,41.83052885,24.95552885
1246.442308,69.89519231,4.396040494140977,25.5825,97.59894231,238.8908811903424,35.13801796129179,0.605403846,0.6087234569138176,6.546789423,32.3214951925,89.96038462,87.86798077,8.717692308,88.30855769,28.12865385,572.1846154,566.5269231,571.1240385,575.4028846,96.86259615,499.0519231,1.002557692,-8.25,43.17908654,27.42908654
1246.866667,79.79904762,5.0189409763053865,26.73695238,97.5987619,236.4547431193205,35.50003676525614,0.684371429,0.6787128568283297,7.0909609520000005,30.098042857499998,88.9852381,88.29190476,9.875238095,93.08752381,30.17409524,568.76,565.0085714,570.5571429,573.9104762,96.94761905,509.6380952,1.004390476,-9.792857143,43.18928571,28.982142853
1246.238095,89.87238095,5.652500735798664,27.02619048,97.56914286,232.42882747489924,36.11493533417918,0.757257143,0.7538647746490705,7.840021905,24.137802382500002,89.07514286,90.38914286,10.90295238,88.86657143,30.67838095,585.1085714,581.2628571,584.4895238,589.76,97.3,534.72,1.005447619,-16.48571429,31.89285714,24.378571430000004
1246.269231,99.80288462,6.27707725984508,27.09586538,97.56807692,237.81046702638926,35.297656066263876,0.860423077,0.8458073304633689,8.378654808,15.7038509625,91.85894231,88.50759615,12.37,89.39259615,30.52317308,606.2644231,605.2259615,602.5817308,615.1711538,97.77086538,559.7278846,1.002471154,-20.68990385,16.04206731,12.73197116
1246.644231,109.8471154,6.9088066217952,25.46884615,97.58980769,237.80716854917483,35.298145658377386,0.947288462,0.9741325929122396,8.598239423,9.95355288475,90.29942308,90.24221154,13.79701923,89.10298077000002,27.59826923,586.1096154,582.3846154,577.8028846,588.6144231,97.59519231,507.9384615,1.00375,-28.48557692,14.07692308,18.5625
1246.019048,119.8695238,7.539163470658395,27.08371429,97.56485714,244.08294992842198,34.390571223908445,1.060466667,1.0919616554272182,8.807654286,3.7457952380000004,91.44361905,88.06685714,15.29047619,88.91742857,30.68552381,618.1114286,611.7552381,614.5361905,619.9542857,98.87838095,566.1,1.003742857,-41.84285714,9.842857143,27.685714283
1245.721154,129.9413462,8.17262820059035,26.77096154,97.57028846,246.30933103680474,34.079716098131826,1.159778846,1.1822951674964632,8.807585577,1.2330408655,91.37548077,89.44,17.07442308,92.71557692,29.90663462,639.5625,633.5067308,641.4711538,644.5951923,99.04125,643.975,1.004586538,-57.890625,7.377403846,41.268028846
1245.788462,135.0134615,8.491637613295863,27.46336538,97.59951923,247.40806391320928,33.928368951626986,1.210490385,1.2101220527617997,8.850977884999999,0.9399951925000001,93.60201923,97.18692308,17.76048077,95.83980769,29.78375,668.1923077,657.7519231,670.7663462,671.8375,98.88634615,717.2951923,1.006336538,-58.12860577,7.413461538,41.542067308
1341.053571,49.93035714,3.1403572208636366,26.94241071,97.59241071,262.3150886402611,32.000263948090364,0.510928571,0.5158686762981929,4.987891071,37.8957232125,89.05241071,87.275,7.293214286,70.84803571,32.89303571,547.3258929,545.5125,548.9955357,551.8580357,96.33035714,381.3392857,1.000267857,-8.233258929,38.94642857,23.179687499000003
1497.388889,0.084126984,0.0052911454435048254,25.91373016,97.58579365,59061.24859928114,0.142126221052449,0.216420635,0.25044319162577167,3.096025397,35.83545635,86.59261905,87.10650794,2.715952381,19.17563492,31.66103175,405.3436508,385.0571429,394.7460317,398.6190476,94.11055556,422.0492063,1.053166667,-30.375,0,6.375
1497.15873,9.767460317,0.6143219534758164,26.68444444,97.59809524,660.6813190920437,12.70529653478159,0.281039683,0.3147664860375198,3.1024317459999997,40.81499008,87.7152381,90.43261905,3.654285714,25.41611111,32.325,438.1357143,428.9928571,429.8031746,424.9738095,96.48912698,410.8230159,1.000142857,-26.60714286,3.663690476,6.270833335999999
1497.150794,19.90793651,1.2521046464053658,26.42261905,97.58119048,405.6234892914155,20.694442742255475,0.351674603,0.37456751146154565,3.1217619049999996,42.679573412500005,87.0868254,87.80579365,4.781984127,33.0918254,31.13484127,529.2230159,511.9,523.3880952,521.4722222,95.01722222,469.9039683,1.00068254,-20.12202381,12.36904762,8.491071430000002
1497.152,29.6968,1.8677727470495569,26.92856,97.56392,327.0994149391552,25.662387918414645,0.42304,0.44932132427835414,3.6045008000000003,44.762874,88.51112,90.52624,5.9632,43.41584,31.81864,594.0272,596.8856,601.7528,601.3704,97.00496,493.66,0.99988,-17.916,28.629,22.545000000000005
1509.133858,29.87952756,1.8792653508554504,25.51968504,97.58992126,336.87660966385647,24.917586538379616,0.441874016,0.45091635887772175,3.6329622049999997,44.1059468525,88.65653543,91.31094488,6.040629921,42.56937008,28.74401575,598.0007874,599.5685039,603.5330709,600.1535433,96.16700787,486.5811024,0.999433071,-17.99704724,28.48523622,22.482283460000005
1497.269841,40.34285714,2.5373538261430735,26.68857143,97.57746032,286.635404596463,29.28511949133675,0.503642857,0.5090554080319779,4.24997381,41.86706151,89.57928571,87.75349206,7.20952381,54.10912698,28.9297619,586.2071429,584.8746032,587.4357143,592.8690476,95.71261905,481.7428571,0.999944444,-14.30357143,37.23511905,27.53869048
1497.185484,49.54274194,3.1159782606085873,26.52854839,97.6033871,266.81086751223563,31.46105761104401,0.575685484,0.5781132840411985,5.05036129,42.174911287499995,88.85403226,87.8158871,8.265080645,66.84362903,31.15758065,559.0814516,552.6427419,566.3951613,562.7330645,95.93967742,409.8379032,1.000508065,-9.689516129,42.88608871,28.575604839
1497.150794,59.55793651,3.745881397453119,27.0752381,97.5697619,255.87878561620383,32.80518958943936,0.663690476,0.6679163244960112,5.870615872999999,39.409095237500004,89.0365873,88.66785714,9.634761905,79.52539683,31.41412698,583.8809524,579.2063492,586.7595238,590.2769841,96.88920635,512.6912698,1.000801587,-5.672619048,43.11309524,24.785714288
1497.357143,69.56190476,4.375078457732309,25.45769841,97.58047619,242.71882241195996,34.583852997638196,0.735404762,0.7402913140488462,6.545133333,36.762531745,90.27515873,85.95087302,10.82968254,86.48984127,27.41047619,585.7079365,585.131746,589.1142857,594.6190476,96.50119048,524.7769841,1.002071429,-5.93452381,42.91071429,24.845238100000003
1497.104,80.2008,5.044209090931417,24.9876,97.58544,236.2712350952449,35.52760906621261,0.825216,0.8186345665069366,7.393273600000001,33.008864,88.64576,87.69736,12.07672,88.5268,26.542,595.5328,587.024,595.812,598.2432,98.5572,534.2648,1.003024,-9.936,44.019,29.955
1496.872,110.1456,6.927579735440238,25.85128,97.57752,231.7187597579637,36.22560418855593,1.11132,1.1146555741870172,9.848708,14.219116,90.82408,90.4408,16.32304,89.44712,28.11128,624.2536,624.4584,630.2888,625.588,98.21632,554.444,0.99892,-28.083,27.363,31.445999999999998
1496.256,128.9736,8.111762047387959,27.00304,97.59496,253.99677514684655,33.04826240097754,1.425808,1.4862877028465886,10.3895872,2.6721839999999997,90.49512,93.74192,20.6856,89.982,29.76192,673.6496,664.5416,670.9568,667.1408,100.95056,678.888,0.998632,-66.768,15.054,57.822
1497.145161,151.3290323,9.517801324294943,27.25201613,97.59153226,243.00958712976157,34.54247288430143,1.601532258,1.6324405647831741,10.38903468,2.4120483869999996,94.165,96.1366129,23.47548387,96.01137097,30.01362903,678.4040323,672.9201613,678.5798387,676.5951613,101.9639516,712.7653226,0.99816129,-66.94657258,15.00302419,57.94959676999999
1628.742647,69.97279412,4.4009212404112725,26.80147059,97.57110294,243.06600174105594,34.53445571955213,0.805808824,0.8131693448684232,6.605786028999999,38.264713235,89.57338235,88.75433824,11.85382353,85.34477941,31.11257353,588.0948529,575.9455882,589.4661765,589.7551471,97.01669118,465.0551471,1.003367647,-5.994485294,43.20496324,25.199448534
1746.931034,-0.028965517,-0.001821778887179785,26.33896552,97.58648276,,,0.251255172,0.29443159660976537,3.096814483,38.092227585,87.73434483,88.02131034,3.387103448,20.92558621,31.60344828,450.14,433.9558621,430.7117241,447.9393103,95.79165517,455.8089655,0.998641379,-25.64482759,0,1.6448275899999985
1746.810458,9.964705882,0.6267276635450291,27.20993464,97.57235294,663.5043153134294,12.651239608124937,0.335954248,0.3773827890329961,3.221279739,42.1038758175,87.39248366,87.45006536,4.527320261,26.95679739,31.81915033,494.6555556,473.3653595,475.7941176,495.1522876,96.75568626999998,501.3065359,0.999869281,-23.32107843,4.68872549,4.0098039199999995
1746.763889,19.95902778,1.2553180189477997,26.74763889,97.59111111,413.8410001561126,20.28351968724356,0.419694444,0.44433974429609824,3.477530556,44.4462204875,86.98798611,88.01284722,5.888333333,33.68361111,31.10694444,569.4965278,569.1576389,559.1875,575.0597222,96.46909722,522.6104167,1.002215278,-19.875,12.84635417,8.721354169999998
1747.013605,29.94965986,1.8836763041779603,26.31816327,97.57108844,332.9224018769184,25.213539331481808,0.506707483,0.5254911862400213,4.020934694,45.36537075,87.7344898,88.70346939,7.023877551,43.6670068,30.81795918,607.1176871,611.6680272,603.9333333,610.644898,96.92972789,447.0918367,1.001360544,-18.00765306,27.5,21.50765306
1746.937931,39.98344828,2.514748896529238,25.92434483,97.57896552,286.73552359598233,29.27489405143483,0.582593103,0.5991617197626933,4.686515862,44.351018964999994,88.90372414,87.76206897,8.424344828,55.06124138,29.42503448,617.7627586,611.4951724,619.6517241,624.5358621,96.61703448,514.9510345,1.002006897,-14.75689655,37.50258621,28.259482759999997
1746.746575,49.96506849,3.1425403824683658,26.59636986,97.5740411,267.20197044953824,31.41500813011531,0.678363014,0.6763283542247137,5.40005,44.4377671225,87.71006849,89.94054795,9.758630137,67.43342466,30.69212329,620.8664384,607.3623288,622.6082192,622.1479452,96.88232877,518.3143836,1.001958904,-9.981164384,42.77825342,28.759417803999998
1746.678082,59.97945205,3.7723925110434684,26.42232877,97.60232877,252.10778363872876,33.295886199546786,0.768294521,0.7689373405704157,6.053462329,42.6928236325,87.33472603,87.54773973,11.20136986,78.43719178,30.02438356,623.2356164,614.2773973,629.1287671,624.1986301,97.15869863,551.1582192,1.003219178,-6.952910959,43.42037671,26.373287669
1746.917808,69.97123288,4.400823046615187,26.30260274,97.59958904,245.26710382041787,34.22453294103881,0.872082192,0.8715363411453583,6.626569863,40.0215308225,86.69952055,87.90856164,12.75671233,88.99376712,29.8190411,619.1575342,607.119863,625.7321918,619.5260274,98.13239726,544.7027397,1.003383562,-5.080479452,43.33561644,24.416095892
1746.863014,80.04178082,5.034207619706835,27.5840411,97.56691781,236.40847837946478,35.506984062481145,0.961534247,0.9600601498748274,7.3390746579999995,35.26117465750001,88.10630137,90.8630137,14.20479452,92.11849315,30.43671233,628.0212329,621.6671233,632.5,634.9363014,97.37493151,597.8609589,1.004157534,-7.892979452,43.29452055,27.187500002
1746.97931,89.94,5.656753618896215,27.32034483,97.56724138,233.0823469374241,36.013675786045965,1.065310345,1.0618326879760847,8.180372414,29.790356895,88.44331034,89.6037931,15.75868966,92.59689655,31.00931034,621.3565517,617.8462069,625.9482759,630.3841379,97.55393103,567.1275862,1.000537931,-11.89913793,40.68103448,28.580172410000003
1746.965517,99.9737931,6.2878265055949125,26.44724138,97.57503448,229.16265149374777,36.62966901168051,1.164234483,1.1582897323555632,8.990446206999998,27.3397,89.68965517,87.74834483,17.10662069,92.89572414,29.82793103,619.3531034,615.7386207,621.4344828,624.9944828,98.18303448,554.9117241,0.999137931,-15.98534483,37.92931034,29.914655170000003
1747,110.0380952,6.9208182481548395,25.87605442,97.58632653,225.51794959637354,37.2216583605816,1.261081633,1.2676791312407771,9.93732517,22.068811224999997,89.59394558,91.40870748,18.86959184,88.91809524,28.03571429,633.4748299,633.0442177,641.5938776,640.2061224,98.63857143,596.3027211,0.99944898,-24.7755102,31.29846939,32.07397959
1652.862319,119.9210145,7.542401965249951,26.115,97.59413043,229.88077236814001,36.51524217350529,1.325442029,1.306604762806007,10.7682,14.96320471,90.54637681,92.00036232,19.52471014,88.98326087,28.87775362,648.7065217,647.1869565,649.326087,653.0108696,98.8442029,599.7333333,1.00015942,-30.71195652,25.50815217,32.22010869
1746.857143,119.9843537,7.546385668261046,26.42517007,97.59673469,225.96901550188954,37.14735870053337,1.377707483,1.3690649139800417,11.065257819999998,17.760794214999997,89.86639456,93.50557823,20.73401361,88.8829932,28.03952381,665.0530612,666.1108844,672.3680272,672.9428571,99.41040816,673.147619,1.001401361,-30.59438776,25.39795918,31.99234694
1746.862069,129.8151724,8.164692531257908,27.22268966,97.59703448,237.69111575755696,35.31537999349139,1.567917241,1.6723055290322117,12.20846897,8.01361724125,90.12213793,97.94813793,23.38537931,91.88627586,29.66655172,687.2489655,672.7172414,678.0896552,684.7524138,100.4401379,713.5689655,1.006027586,-66.85862069,29.80086207,72.65948276
1746.671233,139.8972603,8.798802907223603,26.44534247,97.57534247,241.6354464425184,34.7389101956609,1.717541096,1.8482572038468221,12.81003699,5.250994863,90.98116438,92.34589041,25.61958904,94.62157534,29.30013699,676.5308219,667.8342466,670.6294521,676.8369863,100.6323288,665.4479452,1.001424658,-67.11729452,29.66866438,72.7859589
1746.767123,150.0267123,9.435892236314503,25.51383562,97.60486301,238.00959511779405,35.26812467329604,1.814363014,1.909241269914586,12.873395890000001,5.3703972605,91.09616438,92.12445205,26.83150685,95.59273973,27.47958904,677.5787671,668.640411,671.5349315,674.3623288,101.3402055,668.8369863,1.001623288,-67.10958904,29.63013699,72.73972603
1746.958904,172.5205479,10.850636353872392,26.14184932,97.57116438,266.00223727548143,31.556697267030096,2.332034247,2.367187603703711,12.88429521,5.6461797945,90.82157534,92.47383562,28.11616438,98.27534247,29.17445205,617.7445205,604.8890411,623.4013699,607.2993151,101.3742466,610.4006849,0.84540411,-67.00941781,29.65582192,72.66523973
1869.120253,89.9835443,5.659492326663698,25.2464557,97.58911392,236.03919666065457,35.562534497704874,1.154810127,1.1430451282113283,8.37574557,28.663022152499998,88.40867089,89.08740506,17.10518987,93.74797468,26.92468354,631.8341772,628.8132911,637.9164557,638.4322785,98.03582278,556.2582278,1.000772152,-12.04984177,41.03639241,29.086234179999998
1996.227545,-0.008383234,-0.0005272613883428262,27.46431138,97.59389222,,,0.294580838,0.3383552544268862,3.091235329,41.5710583825,86.58640719,88.29047904,3.937365269,19.72317365,33.68281437,444.2005988,453.6359281,448.2173653,459.0754491,96.57479042,452.7994012,0.999688623,-44.34206587,0.366017964,20.708083834
1996.572289,10.03493976,0.6311450055902327,25.73204819,97.57771084,650.0305508662225,12.913473163483062,0.378843373,0.4258378559443945,3.3360512049999995,42.70864759,85.70771084,89.60138554,5.231927711,24.45409639,29.32343373,502.910241,481.8662651,479.7421687,487.0090361,97.40957831,461.2313253,0.999481928,-33.39307229,5.076054217,14.469126506999999
1996.347305,19.95748503,1.2552209880756011,26.8660479,97.57,421.4602421589655,19.916830187956343,0.48845509,0.5184825072647388,3.819752695,45.1375299425,88.00664671,90.64173653,6.818023952,33.84215569,31.8591018,627.6185629,621.0461078,611.0305389,627.5766467,99.57826347,485.2215569,1.000167665,-19.91766467,14.26571856,10.18338323
1996.244048,30.0047619,1.8871419330881063,26.1414881,97.59261905,332.13292615801487,25.273471592098307,0.578684524,0.5978688306138868,4.485890476,46.22681101,84.64172619,87.60714286,8.291666667,43.40291667,30.96357143,626.4660714,618.3791667,625.4928571,624.7041667,96.72988095,448.2202381,0.99939881,-18.046875,33.23883929,27.28571429
1996.375,40.00892857,2.5163514729431586,27.22886905,97.56946429,288.70019820566273,29.075671323492802,0.670767857,0.6859338616406397,5.1062125,43.893706845000004,89.45529762,90.32184524,9.701845238,56.97869048,31.52119048,644.710119,633.3934524,654.1982143,649.6875,96.74369048,539.8625,0.999678571,-11.25892857,42.72544643,29.984375
1996.246988,44.9873494,2.82946799558593,27.12722892,97.59668675,277.72888068310203,30.224267830586488,0.725524096,0.7324006997209345,5.463332530000001,43.7293207825,87.88921687,88.53933735,10.50987952,65.09512048,30.91987952,650.1403614,645.376506,668.7783133,658.1716867,97.53487952,561.2246988,1.002162651,-6.198795181,43.11370482,25.312500001000004
1996.550898,49.89161677,3.137920655062048,26.63730539,97.59676647,265.89481722019974,31.56944600053445,0.770449102,0.777394217027691,5.724322156,43.811525450000005,87.30784431,91.41886228,11.30215569,74.13179641,30.68592814,642.1359281,643.845509,662.9263473,654.3461078,96.89233533000001,549.2724551,1.005664671,-0.961077844,43.21706587,20.178143714
1996.380952,59.94404762,3.7701657583469212,26.55125,97.57720238,245.71170332730495,34.162605852247445,0.855345238,0.875124502075327,6.341000595,42.2739851225,87.42380952,88.4814881,12.79279762,78.59321429,30.0039881,643.3589286,644.6672619,656.8404762,654.3755952,97.22869047999998,569.1113095,1.002982143,-3.629464286,43.21651786,22.845982146000004
1996.518072,79.99216867,5.031087276043796,25.93,97.58042169,238.52972592805295,35.19122005190656,1.108126506,1.095107207303721,7.358451205,34.52621988,88.05078313,89.10566265,16.12614458,92.28289157,29.01879518,631.7024096,632.6891566,644.3337349,636.5024096,98.15168675,548.5566265,0.99903012,-5.216114458,43.24021084,24.456325298000003
1996.556886,100.0526946,6.292788995540002,26.63802395,97.59473054,231.27145756497444,36.29566814009803,1.343874251,1.3334064308516405,9.03125509,25.435112275,90.15988024,89.26323353,19.94898204,88.8557485,30.04245509,648.005988,653.2772455,659.2131737,656.9808383,98.80616766,589.4347305,1.001173653,-18.24026946,34.85254491,29.09281437
1996.299401,119.9419162,7.543716572400451,26.71155689,97.5739521,221.56377910465295,37.88594014769084,1.543197605,1.5812823869666426,11.75245269,21.653390717500002,89.68053892,90.5891018,23.19580838,89.24706587,29.5145509,689.8886228,694.3640719,662.7257485,664.6263473,100.2006587,653.0796407,1.003664671,-30.61751497,26.40269461,33.02020958
1996.54491,129.9131737,8.1708562983074,26.39167665,97.6002994,223.40174636105638,37.57424554993699,1.685562874,1.7020244301078953,12.94751257,17.44729042,90.83538922,89.90017964,25.1145509,88.3060479,29.08658683,655.6065868,655.0706587,657.057485,659.3658683,99.44844311,625.0107784,1.00442515,-37.54266467,22.0261976,35.568862270000004
1996.722892,139.25,8.758093633881455,26.1736747,97.58909639,224.79786132536836,37.340889386423164,1.818156627,1.8746198281962556,14.42981084,12.998733435000002,90.93837349,90.22126506,27.00939759,89.46156627,28.66463855,657.0813253,659.4590361,661.9198795,660.6512048,100.9185542,634.4975904,1.007246988,-51.49924699,20.29743976,47.796686750000006
1996.837349,150.1343373,9.442661283548588,26.79253012,97.56614458,230.24564043016355,36.457376818828976,2.007891566,2.239379791902842,15.29292771,8.698108434,90.15849398,92.1586747,29.69807229,91.68259036,29.75084337,669.4939759,670.5506024,670.8596386,675.1620482,100.6818072,657.603012,1.005837349,-64.08207831,20.14156627,60.22364458
1996.389222,169.9461078,10.688717593006187,27.0108982,97.60005988,233.70625644902444,35.91753255388775,2.306497006,2.474465613309368,15.45887725,5.41778293425,90.62107784,99.58832335,34.96850299,97.82754491,29.06173653,709.9838323,707.0179641,708.9748503,714.660479,102.4956287,743.1700599,1.010071856,-63.70733533,20.09505988,59.80239521
1996.413174,185.3449102,11.657221386678277,27.58245509,97.59550898,269.30273796101915,31.169947018028857,2.898664671,2.928052432699378,15.47565988,5.5653547905,89.30820359,96.74562874,35.71233533,98.16952096,30.30473054,662.0197605,646.008982,657.5862275,649.4431138,101.9361677,712.8347305,0.848898204,-63.86002994,20.11077844,59.97080838
2060.436047,99.99186047,6.288962848274828,26.33325581,97.5847093,230.98160521013102,36.341214558703314,1.384290698,1.3786702374404944,9.155940115999998,24.7893154075,88.63197674,90.94069767,20.72168605,88.70517442,28.7622093,677.6610465,676.8883721,674.9104651,677.3366279,99.56843023,637.8959302,1.003784884,-17.80813953,34.78997093,28.59811046
2496.120192,-0.014903846,-0.0009373736357123849,27.05802885,97.56701923,,,0.370966346,0.4241753065329011,3.0853394229999997,40.352385815,84.49168269,86.93668269,5.038269231,18.53610577,33.35865385,470.2100962,463.6875,467.4168269,476.6019231,96.46836538,417.4990385,1.002322115,-34.13942308,0.147836538,10.287259618
2495.754808,19.85,1.2484607442193671,26.77894231,97.58841346,414.97279125931146,20.228198693657653,0.598009615,0.6396712696640825,3.749964904,47.73002043,85.72524038,87.82259615,8.540240385,36.13855769,30.87485577,699.5721154,705.7024038,712.6370192,694.0528846,96.92120192,588.14375,1.002682692,-5.904447115,25.64783654,7.5522836549999965
2495.591346,19.95336538,1.254961883727746,25.01822115,97.584375,411.60214468857646,20.393849211855297,0.596201923,0.6359686081348066,3.749475481,47.4882319725,85.01360577,87.38653846,8.539711538,36.30365385,26.97288462,692.3682692,703.1533654,701.9307692,688.7600962,97.12769231,561.1807692,1.002394231,-6.113581731,25.83173077,7.945312501
2495.684466,39.90582524,2.509866815003446,25.3123301,97.58325243,290.730223231284,28.87265032427431,0.842252427,0.8549162096092404,5.111500485,44.29552427,87.065,90.51228155,12.1607767,55.02737864,27.57029126,679.0165049,659.7665049,668.8825243,675.2485437,97.46815534,553.7451456,1.001873786,-3.375,44.05703883,23.432038830000003
2495.521531,59.88229665,3.766281946661154,26.48492823,97.57698565,256.98635900493036,32.66380404998084,1.117110048,1.1165802397618099,6.407415789,36.5591124425,89.28148325,90.44435407,16.42971292,68.10842105,29.86535885,683.4119617,670.9550239,685.4425837,682.3267943,98.13650718,581.037799,0.999138756,-3.387559809,43.5,22.887559809000003
2495.12381,79.80190476,5.019120675405172,25.68866667,97.57671429,240.34878412191205,34.9248784624486,1.392109524,1.3712428793637996,7.468231428999999,29.4377666675,89.60428571,89.1132381,20.71385714,76.63414286,27.55357143,679.6861905,675.3471429,693.2233333,681.3338095,98.87580952,610.6371429,1.00272381,-9.4125,43.52321429,28.93571429
2495.293269,99.82211538,6.278286773645659,26.30663462,97.59596154,233.3165974383419,35.977517957218545,1.690519231,1.6576015761303982,9.0348875,24.6308257225,89.36307692,92.02788462,25.04451923,84.18649038,28.98639423,682.3754808,688.65,695.5677885,690.2,99.04004808,639.3677885,1.004634615,-15.04326923,39.40204327,30.4453125
2496.028571,119.952381,7.5443747533574355,25.97033333,97.58819048,228.87234112209867,36.67613147530557,1.99332381,1.997026014184658,12.53976524,21.72603214,88.89295238,91.54785714,29.55719048,87.39209524,28.08985714,700.717619,712.2004762,710.5242857,706.0833333,100.9130476,682.8090476,1.004661905,-22.45714286,25.05357143,23.510714290000006
2496.408654,140.0086538,8.805808973314846,27.21538462,97.56600962,224.6284102348491,37.36905792672879,2.283817308,2.3376676942465116,14.991640870000001,17.33373077,88.89495192,91.00572115,33.95783654,88.39346154,30.204375,689.8956731,693.5076923,693.2788462,690.3918269,102.2095673,668.33125,1.001673077,-38.37800481,15.78966346,30.16766827
2496.133333,167.9185714,10.561196202433093,25.77904762,97.58304762,240.42188052017346,34.9142601159828,2.931342857,3.112549600847272,15.470108569999999,6.9479964285,90.33014286,94.92809524,43.611,97.49271429,27.65942857,752.5085714,747.6447619,752.7309524,753.6147619,104.08914289999998,798.5409524,1.008309524,-64.25535714,10.875,51.13035714
2496.495192,181.175,11.394955936218834,26.64788462,97.59211538000001,266.09809210542585,31.5453297978904,3.501038462,3.6092760907578163,15.506764899999999,7.31973798075,90.21927885,94.23831731,43.761875,98.04875,29.12860577,703.8432692,679.9423077,698.5884615,687.4653846,103.5732692,734.1831731,0.847504808,-63.80048077,10.19350962,49.99399039
2995.666667,0.247389558,0.015559503863616138,27.46811245,97.56393574,22350.10577449715,0.3755754965434356,0.481815261,0.541014773884066,3.081900803,35.986276105,87.11955823,89.03799197,6.707991968,22.06096386,31.59236948,552.1518072,537.6497992,556.462249,544.3329317,97.77935743,556.4654618,1.113626506,-33.90361446,0.079819277,9.983433737
2996.068273,40.10080321,2.522129905256977,26.48746988,97.58200803,296.10018057322975,28.34902720357877,1.034831325,1.0472833217658397,5.174718876,42.8857751025,86.04718876,94.35016064,15.10586345,55.31493976,29.4586747,741.0562249,724.6008032,729.9212851,733.7329317,98.12658635,622.2730924,0.999365462,-9.375,39.72740964,25.102409639999998
2995.710317,60.08333333,3.7789260979522474,26.83912698,97.56595238,262.5646502824476,31.969848435519665,1.37472619,1.3618311137743633,7.061463095000001,36.9794285725,86.91730159,92.1209127,20.06142857,69.87452381,30.4922619,707.3015873,696.9515873,700.4880952,703.7170635,99.21349206,601.1313492,1.000674603,-10.47916667,43.29761905,29.77678572
2995.7,99.9468,6.286128781377544,26.5336,97.5678,232.60342165891714,36.08782714453794,2.02586,2.0720995513894125,11.2790464,25.483371,88.95708,92.1164,30.69816,82.63704,29.48528,728.5132,720.9028,721.1568,727.9116,100.80404,684.1244,1.005704,-22.041,25.5555,23.596499999999995
2995.453815,119.3076305,7.503823333253363,26.85100402,97.5951004,228.5481580005139,36.728154571415104,2.375935743,2.4320956111416363,13.81403574,21.907032127500003,89.05228916,92.53855422,35.82024096,84.20562249,29.49365462,734.0803213,721.0566265,729.2863454,726.4534137,104.8200402,712.2534137,1.004040161,-30.89156627,17.05572289,23.947289159999997
2995.144578,140.1088353,8.81210986349354,26.92630522,97.56975904,224.75458800372513,37.34807884729788,2.743582329,2.7960674156579604,15.16614659,18.128631527499998,89.72590361,97.10208835,40.89803213,88.6911245,28.93971888,733.1558233,732.2630522,733.1204819,739.0827309,103.4838956,751.2835341,1.001871486,-39.72289157,15.67168675,31.39457832
2995.252,169.9324,10.687855444382025,26.2098,97.58552,237.41218110800332,35.35687189629253,3.515108,3.7009979566501214,15.385714400000001,10.671842,89.83972,99.14144,51.13596,94.27868,27.91644,758.8528,748.4356,758.4892,756.3328,104.8262,813.1632,0.987888,-62.3805,23.79,62.1705
2995.568,196.0692,12.331722889193749,26.16924,97.58608,262.8649206506024,31.933329305710227,4.491044,4.4523109888766985,15.352925200000001,10.216151,91.27716,98.70308,56.0714,97.07448,28.01108,710.1588,670.7112,712.2092,691.404,107.82236,768.0732,0.84472,-74.565,24.834,75.399
3494.653061,1.91292517,0.12031294616494506,25.33727891,97.58863946,3082.369013045585,2.7232794122080457,0.599394558,0.6629459161359041,3.101257483,42.7390408175,82.95843537,90.39897959,8.581258503,20.18568027,29.14778912,639.7636054,622.4853741,632.2047619,625.1547619,96.83816327,529.744898,0.996214286,-30.375,0,6.375
3494.772109,19.92482993,1.2531671537960767,26.85272109,97.57656463,437.4792630936045,19.187542775619594,0.886129252,0.942498483127017,4.565980952,42.2802176875,84.84017007,92.19343537,12.86142857,33.76292517,31.51751701,770.8544218,770.7176871,760.5163265,750.2877551,97.51894558,580.8891156,0.998319728,-14.59311224,20.63903061,11.232142849999999
3495.041237,39.90790378,2.509997544252579,26.55261168,97.59364261,312.2942676580443,26.87898224006627,1.267072165,1.2917592381756873,6.398479038,36.12959794,85.1947079,92.41965636,18.40405498,47.97542955,30.41054983,763.909622,753.1979381,758.9549828,758.7762887,98.67388316,614.5371134,0.999446735,-10.94974227,23.19974227,10.149484540000003
3494.726644,59.92145329,3.768744693659418,26.18432526,97.58553633,269.49051254817067,31.148228539417115,1.641591696,1.6667237881699344,8.473869204,31.148602074999996,87.26055363,92.67761246,24.3799654,56.83193772,29.03121107,758.1806228,752.9685121,751.1577855,754.4695502,99.95771626,663.6470588,1.005307958,-15.05579585,23.2383218,14.294117650000004
3494.860544,79.92959184,5.027151522101595,26.52363946,97.58503401,251.094290495923,33.43027855183896,2.040329932,2.0879049091558413,10.74858605,28.93382313,86.77676871,93.22493197,30.5235034,65.86034014,28.92006803,751.2659864,751.3683673,752.5578231,758.4207483,101.5296259,694.9891156,1.00770068,-19.31377551,22.45280612,17.766581630000005
3494.907216,99.99243986,6.288999288862766,26.73498282,97.57632302,240.10992365864027,34.95962160226615,2.440838488,2.522299254791386,12.804868039999999,25.233959622500002,88.18621993,93.70312715,36.3290378,72.8733677,28.89556701,750.956701,749.7340206,752.361512,757.871134,102.3137113,721.0477663,1.004762887,-24.09793814,15.93685567,16.03479381
3494.695205,119.9585616,7.544763480635808,26.17657534,97.59010274,235.05511656148985,35.71142035472002,2.86639726,2.9462741374362973,15.458032189999999,22.171584760000002,88.22010274,97.66297945,42.71150685,76.80294521,27.79965753,749.5650685,744.6297945,748.8003425,757.3058219,104.8348288,748.2195205,1.005116438,-31.73630137,11.00342466,18.73972603
3494.793814,169.7178694,10.674362596395435,26.97512027,97.59446735,231.9131541833035,36.19523913430266,4.001295533,4.144773269029866,20.4474732,14.8120996575,88.33917526,98.40477663,58.11659794,95.02109966,29.21508591,771.880756,757.0175258,781.9749141,770.7563574,110.2443299,817.2793814,0.979745704,-43.33762887,11.36726804,30.704896910000002
3495,192.6371134,12.115862667991669,27.20793814,97.5662543,264.3445634565633,31.754585622239926,5.177065292,5.160961804262165,20.44250859,11.3740412375,90.61924399,98.81089347,63.06347079,97.29835052,29.08281787,738.3494845,726.7886598,739.1752577,730.8869416,111.1606873,796.5591065,0.845017182,-67.01030928,15.37628866,58.38659794
3994.264264,0.123723724,0.007781572420283707,26.68273273,97.58561562,49605.76634668874,0.16921726428716685,0.713096096,0.8131141706702032,3.3550462459999997,39.9454819825,83.30294294,92.77,10.2772973,19.543002999999995,30.87780781,636.5816817,586.9414414,587.6339339,609.9987988,96.8096997,533.427027,1.118843844,-30.375,0.006756757,6.381756757
3994.486486,19.91201201,1.2523609739501047,25.87177177,97.60078078000001,464.539370042957,18.069839964864222,1.074792793,1.126475692151165,5.665326727,36.7153325825,85.6642042,93.1151952,15.66681682,30.22216216,28.87399399,773.960961,777.9153153,772.1612613,771.512012,98.36441441,590.3288288,0.995075075,-14.37725225,0.021396396,0
3994.490964,40.03644578,2.5180821609268085,25.95216867,97.5748494,335.12142931783075,25.048091049092598,1.558996988,1.624237146690242,8.842459639000001,30.7598501525,87.19521084,96.01039157,22.90183735,41.6485241,28.25180723,770.5939759,766.2846386,768.6403614,779.1246988,99.44563253,661.5448795,0.998066265,-14.37311747,0.079066265,0
3994.557522,59.90294985,3.767580924466823,26.67911504,97.59412979,286.4329896965263,29.305814539549438,1.993728614,2.11328546690382,11.115681120000001,28.683906342500002,87.45383481,101.4399705,29.82315634,50.20147493,27.95374631,772.720059,771.9041298,770.4914454,785.3616519,101.4583186,724.6277286,1.002247788,-17.83075221,0.043141593,0
3994.433735,80.06656627,5.03576649433418,25.23524096,97.58629518,257.57708656070974,32.588892848109026,2.396292169,2.5004196515738846,12.720858130000002,25.525664907499998,86.69283133,95.16072289,35.83099398,56.41740964,25.58003012,769.3927711,762.3307229,767.9566265,769.0201807,102.723494,715.5936747,1.003957831,-21.16829819,0.300451807,0
3994.336336,99.86426426,6.280937716824138,26.65057057,97.59603604,244.3765927806768,34.34924752219891,2.835570571,2.961662968117701,14.1634955,23.363374625000002,86.9881982,98.81594595,42.36792793,64.94147147,27.30084084,758.6378378,761.4264264,762.9555556,765.3255255,104.7386186,750.0309309,1.001486486,-24.4527027,0.328828829,0.7815315290000004
3994.51497,119.9883234,7.546635341541466,26.54383234,97.58182635,237.65149616856849,35.32126752570926,3.313368263,3.464051772292991,16.55322515,22.0906541925,87.88062874,100.8523054,49.09508982,71.75913174,27.61206587,747.6458084,751.4302395,754.2991018,754.3916168,106.5535329,752.1188623,0.997640719,-31.29229042,0.295284431,7.587574851000001
3994.342342,139.9690691,8.803319303590833,25.87165165,97.60582583,232.4687432541067,36.1087342605866,3.780663664,3.949034855847673,18.642587990000003,19.150879879999998,88.13705706,100.0111111,56.42522523,80.00099099,26.63711712,766.3891892,764.9654655,768.3537538,770.124024,109.166006,791.3867868,0.998591592,-33.01576577,0.375,9.390765770000002
3994.423423,199.9831832,12.577891875527964,25.67384384,97.59471471,265.1810569085833,31.654418199821933,6.161921922,6.098702889720849,20.53221592,11.66977102,87.39219219,99.82435435,77.9751952,97.15870871000001,26.69444444,785.9693694,751.4630631,760.2432432,758.2954955,113.2252553,831.9633634,0.844588589,-67.13400901,10.10810811,53.24211712
4493.955026,-0.101587302,-0.006389307740965119,26.93674603,97.59306878,,,0.836828042,0.950727300500607,3.3368693120000006,42.346002645,85.65354497,96.50521164,12.19944444,19.28558201,30.54272487,749.4962963,718.9973545,708.1928571,710.6293651,97.64915344,671.7783069,0.998259259,-27.1140873,0.013888889,3.1279761890000017
4493.885333,19.92426667,1.25313172770042,26.492,97.57656,498.0724958646984,16.853273657446344,1.297248,1.372192249128875,6.4742328,38.89637467,85.04376,96.90994667,18.92848,29.63101333,29.37506667,819.7218667,809.3922667,776.3138667,792.164,98.07312,648.7536,1.000928,-16.5,0.071,0
4494.368984,39.87620321,2.508003744896691,26.07302139,97.57748663,334.5449539630598,25.091252982945758,1.744066845,1.8659751262375561,9.923012834,34.1893977275,87.23465241,97.87048128,25.95221925,38.8723262,28.05221925,801.6574866,798.4582888,773.118984,789.0427807,100.438877,686.1553476,1.00778877,-16.5,0.164438503,0
4494.314961,59.98976378,3.773041064701402,26.70112861,97.56191601,291.0142780989632,28.844468143932556,2.282343832,2.4733111187919965,12.58582073,31.514616797500004,86.94186352,99.93330709,34.33711286,48.87973753,27.69902887,797.6296588,799.7031496,774.0370079,791.7716535,103.2576378,730.7136483,1.011548556,-18.50688976,0.233267717,0
4493.402597,80.02155844,5.032935738216422,27.49025974,97.58371429,266.12905683521814,31.54165942598507,2.783561039,2.9847081917819622,14.609335580000002,27.304737015,86.79924675,99.93405195,41.56148052,56.73127272999999,28.03438961,785.1501299,783.2732468,771.2262338,779.6244156,105.8162857,755.2257143,1.012020779,-22.79512987,0.344805195,0
4494.037433,99.96791444,6.287456768756696,26.75192513,97.60596257,249.33868117279255,33.66566324395491,3.258465241,3.4810248775390784,16.25946979,24.744326872499997,86.78187166,101.3526471,48.90090909,64.39382353,27.97919786,776.552139,774.3032086,763.4451872,768.126738,108.4707219,763.5644385,1.012486631,-27.17947861,0.336898396,3.516377006000001
4494.100529,119.9756614,7.545838968244575,26.82931217,97.57743386,241.06153144154257,34.82161597438726,3.780854497,4.040843175544266,18.09270106,22.397207010000002,87.06277778,102.8452381,56.39804233,71.26685185,27.89875661,777.6690476,776.1986772,767.8439153,768.8859788,110.2163492,783.9994709,1.005335979,-32.58035714,0.301587302,8.881944441999996
4494.085561,139.8796791,8.797697142083239,26.51687166,97.56628342,235.30867086941788,35.67293990077111,4.302887701,4.533901139974109,19.827024870000002,19.886423797499997,87.88409091,103.9003476,64.20171123,79.37986631,27.43069519,792.8764706,787.2106952,787.1433155,784.2799465,110.2740909,818.0898396,1.004903743,-34.13302139,0.350935829,10.483957219000004
4494.256065,169.9239892,10.687326449237062,26.54304582,97.62450135,243.19372119909877,34.51631905900613,5.40245283,5.544825375357154,20.56038194,16.238948115,89.32150943,103.9052022,75.9506469,88.65393531,27.62792453,808.8404313,802.551752,814.1016173,788.6919137,114.394097,853.3148248,0.944566038,-42.2425876,5.000336927,23.242924527
