intake_CA_firingTDC,intake_CA_aTDCe,intake_lift_mm,exhaust_CA_firingTDC,exhaust_CA_aTDCe,exhaust_lift_mm
337,697,0,108,468,0
339,699,0.0002,110,470,0.0002
341,701,0.0014,112,472,0.0014
343,703,0.0047,114,474,0.0047
345,705,0.0113,116,476,0.0113
347,707,0.022,118,478,0.022
349,709,0.0381,120,480,0.0381
351,711,0.0605,122,482,0.0605
353,713,0.0904,124,484,0.0904
355,715,0.129,126,486,0.129
357,717,0.1776,128,488,0.1776
359,719,0.2379,130,490,0.2379
361,1,0.3109,132,492,0.3109
363,3,0.3979,134,494,0.3979
365,5,0.4997,136,496,0.4997
367,7,0.6167,138,498,0.6167
369,9,0.749,140,500,0.749
371,11,0.8963,142,502,0.8963
373,13,1.0582,144,504,1.0582
375,15,1.2337,146,506,1.2337
377,17,1.4218,148,508,1.4218
379,19,1.6212,150,510,1.6212
381,21,1.8306,152,512,1.8306
383,23,2.0485,154,514,2.0485
385,25,2.2736,156,516,2.2736
387,27,2.5045,158,518,2.5045
389,29,2.7397,160,520,2.7397
391,31,2.978,162,522,2.978
393,33,3.2182,164,524,3.2182
395,35,3.4591,166,526,3.4591
397,37,3.6998,168,528,3.6998
399,39,3.9393,170,530,3.9393
401,41,4.1768,172,532,4.1768
403,43,4.4116,174,534,4.4116
405,45,4.6431,176,536,4.6431
407,47,4.8707,178,538,4.8707
409,49,5.0939,180,540,5.0939
411,51,5.3123,182,542,5.3123
413,53,5.5256,184,544,5.5256
415,55,5.7335,186,546,5.7335
417,57,5.9357,188,548,5.9357
419,59,6.132,190,550,6.132
421,61,6.3222,192,552,6.3222
423,63,6.5061,194,554,6.5061
425,65,6.6837,196,556,6.6837
427,67,6.8548,198,558,6.8548
429,69,7.0194,200,560,7.0194
431,71,7.1772,202,562,7.1772
433,73,7.3284,204,564,7.3284
435,75,7.4727,206,566,7.4727
437,77,7.6102,208,568,7.6102
439,79,7.7409,210,570,7.7409
441,81,7.8646,212,572,7.8646
443,83,7.9813,214,574,7.9813
445,85,8.0911,216,576,8.0911
447,87,8.1939,218,578,8.1939
449,89,8.2896,220,580,8.2896
451,91,8.3783,222,582,8.3783
453,93,8.46,224,584,8.46
455,95,8.5346,226,586,8.5346
457,97,8.6021,228,588,8.6021
459,99,8.6625,230,590,8.6625
461,101,8.7158,232,592,8.7158
463,103,8.762,234,594,8.762
465,105,8.8011,236,596,8.8011
467,107,8.8331,238,598,8.8331
469,109,8.858,240,600,8.858
471,111,8.8758,242,602,8.8758
473,113,8.8864,244,604,8.8864
475,115,8.89,246,606,8.89
477,117,8.8864,248,608,8.8864
479,119,8.8758,250,610,8.8758
481,121,8.858,252,612,8.858
483,123,8.8331,254,614,8.8331
485,125,8.8011,256,616,8.8011
487,127,8.762,258,618,8.762
489,129,8.7158,260,620,8.7158
491,131,8.6625,262,622,8.6625
493,133,8.6021,264,624,8.6021
495,135,8.5346,266,626,8.5346
497,137,8.46,268,628,8.46
499,139,8.3783,270,630,8.3783
501,141,8.2896,272,632,8.2896
503,143,8.1939,274,634,8.1939
505,145,8.0911,276,636,8.0911
507,147,7.9813,278,638,7.9813
509,149,7.8646,280,640,7.8646
511,151,7.7409,282,642,7.7409
513,153,7.6102,284,644,7.6102
515,155,7.4728,286,646,7.4728
517,157,7.3286,288,648,7.3286
519,159,7.1775,290,650,7.1775
521,161,7.0197,292,652,7.0197
523,163,6.8552,294,654,6.8552
525,165,6.6842,296,656,6.6842
527,167,6.5067,298,658,6.5067
529,169,6.3229,300,660,6.3229
531,171,6.1329,302,662,6.1329
533,173,5.9367,304,664,5.9367
535,175,5.7347,306,666,5.7347
537,177,5.5271,308,668,5.5271
539,179,5.314,310,670,5.314
541,181,5.0959,312,672,5.0959
543,183,4.873,314,674,4.873
545,185,4.6458,316,676,4.6458
547,187,4.4148,318,678,4.4148
549,189,4.1805,320,680,4.1805
551,191,3.9435,322,682,3.9435
553,193,3.7046,324,684,3.7046
555,195,3.4647,326,686,3.4647
557,197,3.2246,328,688,3.2246
559,199,2.9853,330,690,2.9853
561,201,2.7481,332,692,2.7481
563,203,2.5141,334,694,2.5141
565,205,2.2846,336,696,2.2846
567,207,2.061,338,698,2.061
569,209,1.8448,340,700,1.8448
571,211,1.6374,342,702,1.6374
573,213,1.4402,344,704,1.4402
575,215,1.2547,346,706,1.2547
577,217,1.082,348,708,1.082
579,219,0.9233,350,710,0.9233
581,221,0.7793,352,712,0.7793
583,223,0.6508,354,714,0.6508
585,225,0.5379,356,716,0.5379
587,227,0.4404,358,718,0.4404
589,229,0.3578,360,0,0.3578
591,231,0.2892,362,2,0.2892
593,233,0.2331,364,4,0.2331
595,235,0.1882,366,6,0.1882
597,237,0.1525,368,8,0.1525
599,239,0.1242,370,10,0.1242
601,241,0.1016,372,12,0.1016
603,243,0.083,374,14,0.083
605,245,0.0669,376,16,0.0669
607,247,0.0522,378,18,0.0522
609,249,0.0384,380,20,0.0384
611,251,0.0259,382,22,0.0259
613,253,0.0153,384,24,0.0153
615,255,0.0074,386,26,0.0074
617,257,0.0025,388,28,0.0025
619,259,0.0006,390,30,0.0006
621,261,0,392,32,0
