valve,ref_diameter_mm,L_over_D,Cd_forward,Cd_reverse
intvalve,25.4,0.0,0.0,0.0
intvalve,25.4,0.0394,0.1272,0.1272
intvalve,25.4,0.0787,0.2629,0.2629
intvalve,25.4,0.1181,0.4132,0.4132
intvalve,25.4,0.1575,0.5356,0.5356
intvalve,25.4,0.1969,0.6686,0.6686
intvalve,25.4,0.2362,0.7311,0.7311
intvalve,25.4,0.2756,0.7758,0.7758
intvalve,25.4,0.315,0.8029,0.8029
intvalve,25.4,0.3543,0.8212,0.8212
intvalve,25.4,0.3937,0.8349,0.8349
intvalve,25.4,0.4331,0.8432,0.8432
exhvalve,25.4,0.0,0.0,0.0
exhvalve,25.4,0.0394,0.1272,0.1272
exhvalve,25.4,0.0787,0.2629,0.2629
exhvalve,25.4,0.1181,0.4132,0.4132
exhvalve,25.4,0.1575,0.5356,0.5356
exhvalve,25.4,0.1969,0.6686,0.6686
exhvalve,25.4,0.2362,0.7311,0.7311
exhvalve,25.4,0.2756,0.7758,0.7758
exhvalve,25.4,0.315,0.8029,0.8029
exhvalve,25.4,0.3543,0.8212,0.8212
exhvalve,25.4,0.3937,0.8349,0.8349
exhvalve,25.4,0.4331,0.8432,0.8432
