name,template,d_in_mm,d_out_mm,length_mm,bend_radius_mm,bend_angle_deg
intake_runner,PipeRound,25.4,25.4,119.695,76.2,90
intake_port,PipeRound,25.4,25.4,94.24,59.99,90
exhaust_runner,PipeRound,25.4,25.4,119.695,76.2,90
intake_flange,PipeRound,101.6,63.5,5.1,ign,ign
in_run2port_sensor,PipeRound,25.4,25.4,28.2,ign,ign
ex_port2run_sensor,PipeRound,25.4,25.4,28.2,ign,ign
exhaust_port,PipeRound,25.4,25.4,94.24,59.99,90
intport_def,PipeRound,40,40,80,ign,ign
exhport_def,PipeRound,25.4,25.4,27,ign,ign
plenum_in,PipeRound,19.1,19.1,61.1,ign,ign
plenum_tank,PipeRound,177.9,177.9,609.6,ign,ign
plenum_out,PipeRound,25.4,25.4,200,ign,ign
int_tuning_spacer,PipeRound,25.4,25.4,4.76,ign,ign
plenum_in_exh,PipeRound,25.4,25.4,200,ign,ign
plenum_tank_exh,PipeRound,177.9,177.9,590.5,ign,ign
plenum_out_exh,PipeRound,19.1,19.1,80,ign,ign
exhaust_flange,PipeRound,28.6,28.6,19.1,ign,ign
intake-split01,"FlowSplit (d1, d2)",19.1,40,,,
plenum_in_b,PipeRound,19.1,19.1,1500,ign,ign
plenum-in-c,PipeRound,19.1,19.1,10,ign,ign
intake-flange-b,PipeRound,63.5,52.6,3.8,ign,ign
exhaust-flange-b,PipeRound,28.2,28.2,2,ign,ign
plenum-out-b,PipeRound,19.1,19.1,600,ign,ign
plenum-out-c,PipeRound,19.1,19.1,10,ign,ign
Atomizer,PipeRound,140,140,75,ign,ign
heater1,PipeRound,51,51,40,ign,ign
atomizer_pipe,PipeRound,19.1,19.1,2650,ign,ign
metering_pipe,PipeRound,19.1,19.1,2750,ign,ign
metering_pipe_b,PipeRound,19.1,19.1,240,ign,ign
metering_pipe_c,PipeRound,19.1,19.1,280,ign,ign
pipe-ex3,PipeRound,51,51,900,ign,ign
pipe-ex4,PipeRound,51,51,1520,ign,ign
split-ex2,"FlowSplit (d1, d2)",51,51,,,
pipe-ex5,PipeRound,51,51,400,ign,ign
pipe-ex6,PipeRound,51,51,1630,ign,ign
pipe-ex7,PipeRound,51,51,1700,ign,ign
pipe-ex8,PipeRound,13,13,3300,ign,ign
pipe-ex9,PipeRound,19,19,1200,ign,ign
pipe-ex10,PipeRound,51,51,2540,ign,ign
intake-flange-c,PipeRound,52.6,43.2,4.7,ign,ign
leak,PipeRound,1,1,10,ign,ign
heater2,PipeRound,42,42,73.5,ign,ign
heater3,PipeRound,18,18,10,ign,ign
heater4,PipeRound,42,42,103,ign,ign
pipe1,PipeRound,19.1,19.1,50,ign,ign
pipe2,PipeRound,5,5,10,ign,ign
pipe3,PipeRound,19.1,19.1,10,ign,ign
intake-flange-d,PipeRound,43.2,35.6,5.4,ign,ign
intake-flange-e,PipeRound,35.6,30,6,ign,ign
intake-flange-f,PipeRound,30,26.6,6.4,ign,ign
intake-flange-g,PipeRound,26.6,25.4,6.6,ign,ign
pipe5,PipeRound,19.1,19.1,30,ign,ign
pipe6,PipeRound,19.1,19.1,11,ign,ign
pipe7,PipeRound,25.4,25.4,28.9,ign,ign
pipe8,PipeRound,25.4,25.4,49.4,ign,ign
pipe9,PipeRound,25.4,25.4,11.1,ign,ign
nozzle1,PipeRound,2.87,2.87,50,ign,ign
nozzle2,PipeRound,2.01,2.01,10,ign,ign
nozzle4,PipeRound,0.97,0.97,10,ign,ign
nozzle3,PipeRound,1.698,1.698,10,ign,ign
flame_arrestor,PipeRound,23,23,150,ign,ign
fuel_tubing,PipeRound,9.5,9.5,3050,ign,ign
fuel_tube1,PipeRound,12.5,12.5,120,ign,ign
fuel_tube2,PipeRound,12.5,12.5,60,ign,ign
fuel_tube3,PipeRound,7.7,7.7,220,ign,ign
fuel_split,"FlowSplit (d1, d2)",12.5,20,,,
nitrogen_split,"FlowSplit (d1, d2)",21,42,,,
nitrogen_tubing,PipeRound,19.1,19.1,3000,ign,ign
nitrogen_tube1,PipeRound,21,21,300,ign,ign
nitrogen_tube2,PipeRound,21,21,90,ign,ign
nitrogen_tube3,PipeRound,22.3,22.3,330,ign,ign
